{ 
    "VSTSMasterAcct" : "fdx-strat-pgm",
    "userEmail"      : "arthur.garcia.osv@fedex.com",
    "PAT"            : "ftxq5nc6hxvhh4zxghy7nlfexpukxdoskb3qhthpzai3kpihdqra",       
    "ProjectName"    : "fdx-surround",

    "BuildTags"      : "Release:1.1.0",

    "PublishWiKi"    : "lumina.wiki",
    "PublishParent"  : "Release Notes",
    "PublishPagePrfx": "TEST System Release",
    "PublishBldNote" : "Build section Notes",
    "PublishWKItNote": "Work Item section note",
    "PublishTestNote": "Testing Notes",
  
    "WorkItemTypes"  : ["User Story","Bug"],
    "BuildResults"   : ["Succeeded"],

    "HTTP_preFix"    : "https",
    
    "OutPutToFile"   : "No",
    "DirRoot"        : "C:\\TempData",
    "DumpDirectory"  : "\\RawData\\",
    "SecurityDir"    : "\\Security\\",
    "ReleaseDir"     : "\\BuildNotes\\",
    "LogDirectory"   : "\\Logs\\",

    "AllProjects"    : "True",
    "GroupFileName"  : "Get-SecuritybyGroupByNamespace-12-2.txt",
    "UserFileName"   : "Get-AllUSerMembership-12-2.txt",
    "rawDataFile"    : "rawdump.txt",
    "ReleaseFile"    : "ReleaseNotes.txt",
    "GitListFile"    : "dataBuild_r001.txt",

    "Namespaces"     : ["Analytics","Tagging","Project","AnalyticsViews","AuditLog","BuildAdministration","Server","VersionControlPrivileges","Process","Collection"],
    "AvailableNamespaces"  :["Analytics","Tagging","AnalyticsViews","Project","Process","Boards","Build","Server","Favorites","AuditLog","Collection","BuildAdministration","VersionControlItems","ReleaseManagement","Git Repositories","DashboardsPrivileges"],


    
    "Stages"         : ["Deploy to FDXQA", "Deploy to PROD" ],
    "Folder"         : "",
    "Tags"           : ["v1.1","v1.0.1"],
    "Release"        : ["1.1","2.0.0"],

    "Description"    : "My demo project",
    "ProcessType"    : "Agile",
    "RepositoryName" : "AAG Demo",
    "BuildName"      : "Build 1",
    "AgentQueue"     : "Default",
    "OmitTeam" :[{}],
    
    "Teams" : [ {"name": "Team AAG1","description" :"Team BB1 description", 
                 "users":["argarc@microsoft.com","mahyon@microsoft.com"] ,
                 "permissions" :["MANAGE_TEST_ENVIRONMENTS|DENY","CreateRepository|DENY","EditBuildQuality|DENY","DeleteBuilds|DENY"]},

                {"name": "Team AAG2","description" :"Team A2-2 description", 
                 "users":["argarc@microsoft.com","mahyon@microsoft.com"],
                 "permissions" :["MANAGE_TEST_ENVIRONMENTS|DENY","CreateRepository|DENY","EditBuildQuality|DENY","DeleteBuilds|DENY"]},

                {"name": "Team AAG3","description" :"Team A3-3 description", 
                 "users":["argarc@microsoft.com","mahyon@microsoft.com"], 
                 "permissions" :["MANAGE_TEST_ENVIRONMENTS|DENY","CreateRepository|DENY","BUILD|EditBuildQuality|DENY","BUILD|DeleteBuilds|DENY"]}                 
    ] ,
    "VSTSGroups" :[{"name" : "Team VSTS1","description" :"VSTS Group description",
                    "permissions" :["MANAGE_TEST_ENVIRONMENTS|ALLOW","MANAGE_PROPERTIES|ALLOW","EditBuildQuality|ALLOW"],
                    "users":["argarc@microsoft.com","mahyon@microsoft.com"]},

                   {"name" : "Team VSTS2","description" :"VSTS Two Group description",
                     "users":["argarc@microsoft.com","mahyon@microsoft.com"]}]
    
}
